date,south,country,description
1599,64,netherlands,Lorem ipsum dolor sit amet Lorem ipsum dolor sit ametLorem ipsum dolor sit ametLorem ipsum dolor sit ametLorem ipsum dolor sit ametLorem ipsum dolor sit ametLorem ipsum dolor sit ametLorem ipsum dolor sit ametLorem ipsum dolor sit ametLorem ipsum dolor sit ametLorem ipsum dolor sit ametLorem ipsum dolor sit amet
1775,71,spain,Lorem ipsum dolor sit amet Lorem ipsum dolor sit ametLorem ipsum dolor sit ametLorem ipsum dolor sit ametLorem ipsum dolor sit ametLorem ipsum dolor sit ametLorem ipsum dolor sit ametLorem ipsum dolor sit ametLorem ipsum dolor sit ametLorem ipsum dolor sit ametLorem ipsum dolor sit ametLorem ipsum dolor sit amet
1821,69,sweden,Lorem ipsum dolor sit amet Lorem ipsum dolor sit ametLorem ipsum dolor sit ametLorem ipsum dolor sit ametLorem ipsum dolor sit ametLorem ipsum dolor sit ametLorem ipsum dolor sit ametLorem ipsum dolor sit ametLorem ipsum dolor sit ametLorem ipsum dolor sit ametLorem ipsum dolor sit ametLorem ipsum dolor sit amet
1824,74,england,Lorem ipsum dolor sit amet Lorem ipsum dolor sit ametLorem ipsum dolor sit ametLorem ipsum dolor sit ametLorem ipsum dolor sit ametLorem ipsum dolor sit ametLorem ipsum dolor sit ametLorem ipsum dolor sit ametLorem ipsum dolor sit ametLorem ipsum dolor sit ametLorem ipsum dolor sit ametLorem ipsum dolor sit amet
1912,86,norway,Lorem ipsum dolor sit amet Lorem ipsum dolor sit ametLorem ipsum dolor sit ametLorem ipsum dolor sit ametLorem ipsum dolor sit ametLorem ipsum dolor sit ametLorem ipsum dolor sit ametLorem ipsum dolor sit ametLorem ipsum dolor sit ametLorem ipsum dolor sit ametLorem ipsum dolor sit ametLorem ipsum dolor sit amet
1576,52,netherlands,Lorem ipsum dolor sit amet Lorem ipsum dolor sit ametLorem ipsum dolor sit ametLorem ipsum dolor sit ametLorem ipsum dolor sit ametLorem ipsum dolor sit ametLorem ipsum dolor sit ametLorem ipsum dolor sit ametLorem ipsum dolor sit ametLorem ipsum dolor sit ametLorem ipsum dolor sit ametLorem ipsum dolor sit amet
1887,73,spain,Lorem ipsum dolor sit amet Lorem ipsum dolor sit ametLorem ipsum dolor sit ametLorem ipsum dolor sit ametLorem ipsum dolor sit ametLorem ipsum dolor sit ametLorem ipsum dolor sit ametLorem ipsum dolor sit ametLorem ipsum dolor sit ametLorem ipsum dolor sit ametLorem ipsum dolor sit ametLorem ipsum dolor sit amet
1901,84,england,Lorem ipsum dolor sit amet Lorem ipsum dolor sit ametLorem ipsum dolor sit ametLorem ipsum dolor sit ametLorem ipsum dolor sit ametLorem ipsum dolor sit ametLorem ipsum dolor sit ametLorem ipsum dolor sit ametLorem ipsum dolor sit ametLorem ipsum dolor sit ametLorem ipsum dolor sit ametLorem ipsum dolor sit amet
1629,74,france,Lorem ipsum dolor sit amet Lorem ipsum dolor sit ametLorem ipsum dolor sit ametLorem ipsum dolor sit ametLorem ipsum dolor sit ametLorem ipsum dolor sit ametLorem ipsum dolor sit ametLorem ipsum dolor sit ametLorem ipsum dolor sit ametLorem ipsum dolor sit ametLorem ipsum dolor sit ametLorem ipsum dolor sit amet
1723,69,portugal,Lorem ipsum dolor sit amet Lorem ipsum dolor sit ametLorem ipsum dolor sit ametLorem ipsum dolor sit ametLorem ipsum dolor sit ametLorem ipsum dolor sit ametLorem ipsum dolor sit ametLorem ipsum dolor sit ametLorem ipsum dolor sit ametLorem ipsum dolor sit ametLorem ipsum dolor sit ametLorem ipsum dolor sit amet
